{"cameraMode":{"drawMode":0,"name":"Shaded","section":"Shading Mode"},"sceneLighting":true,"audioPlay":false,"sceneViewState":{"m_AlwaysRefresh":false,"showFog":true,"showSkybox":true,"showFlares":true,"showImageEffects":true,"showParticleSystems":true,"showVisualEffectGraphs":true,"m_FxEnabled":true},"in2DMode":false,"pivot":{"x":20.624282836914064,"y":18.453392028808595,"z":10.463676452636719},"rotation":{"x":0.11738329380750656,"y":-0.4057306945323944,"z":0.05263170599937439,"w":0.9048956036567688},"size":91.46749877929688,"orthographic":false}